{
    "name": "footer配置文件",
    "action": "public/footer",
    "description": "footer配置文件",
    "order": 6.0,
    "more": {
        "vars": {
            "message": {
                "title": "公司信息",
                "value": [
                    {
                        "logo": "http://wp.io/wp-content/themes/model/assets/images/logo.png",
                        "address": "gaojing,baoshan,shanghai,China",
                        "Telephone": "400-000-0000",
                        "mobilePhone": "400-000-0000",
                        "email": "info@ayongtech.com"
                    }
                ],
                "type": "array",
                "item": {
                    "logo": {
                        "title": "logo",
                        "value": "",
                        "type": "image",
                        "tip": "请选择logo",
                        "rule": {
                            "require": true
                        }
                    },
                    "address": {
                        "title": "地址",
                        "value": "",
                        "type": "text",
                        "tip": "公司地址",
                        "rule": {
                            "require": true
                        }
                    },
                    "Telephone": {
                        "title": "电话号码",
                        "value": "",
                        "type": "text",
                        "tip": "电话号码",
                        "rule": {
                            "require": true
                        }
                    },
                    "mobilePhone": {
                        "title": "手机号",
                        "value": "",
                        "type": "text",
                        "tip": "手机号",
                        "rule": {
                            "require": true
                        }
                    },
                    "email": {
                        "title": "邮箱",
                        "value": "",
                        "type": "text",
                        "tip": "邮箱",
                        "rule": {
                            "require": true
                        }
                    }
                },
                "tip": "请填写公司信息",
                "rule": {
                    "require": true
                },
                "message":{
                    "require":"不能为空"
                }
            },
            "facebookLink": {
                "title": "facebook 链接",
                "value": "",
                "type": "text",
                "tip": "未填写则隐藏"
            },
            "navOneTitle": {
                "title": "底部导航1-标题",
                "value": "",
                "type": "text",
                "tip": "不填写则隐藏"
            },
            "navOneItem": {
                "title": "底部导航1-列表",
                "value": [],
                "type": "array",
                "item": {
                    "name": {
                        "title": "名称",
                        "value": "",
                        "type": "text",
                        "tip": "链接名称",
                        "rule": {
                            "require": true
                        }
                    },
                    "link": {
                        "title": "链接",
                        "value": "",
                        "type": "text",
                        "tip": "跳转链接",
                        "rule": {
                            "require": true
                        }
                    }
                },
                "tip": "底部导航，最多可以自定义四个链接"
            },
            "navTwoTitle": {
                "title": "底部导航2-标题",
                "value": "",
                "type": "text",
                "tip": "不填写则隐藏"
            },
            "navTwoItem": {
                "title": "底部导航2-列表",
                "value": [],
                "type": "array",
                "item": {
                    "name": {
                        "title": "名称",
                        "value": "",
                        "type": "text",
                        "tip": "链接名称",
                        "rule": {
                            "require": true
                        }
                    },
                    "link": {
                        "title": "链接",
                        "value": "",
                        "type": "text",
                        "tip": "跳转链接",
                        "rule": {
                            "require": true
                        }
                    }
                },
                "tip": "底部导航，最多可以自定义四个链接"
            },
            "navThreeTitle": {
                "title": "底部导航3-标题",
                "value": "",
                "type": "text",
                "tip": "不填写则隐藏"
            },
            "navThreeItem": {
                "title": "底部导航3-列表",
                "value": [],
                "type": "array",
                "item": {
                    "name": {
                        "title": "名称",
                        "value": "",
                        "type": "text",
                        "tip": "链接名称",
                        "rule": {
                            "require": true
                        }
                    },
                    "link": {
                        "title": "链接",
                        "value": "",
                        "type": "text",
                        "tip": "跳转链接",
                        "rule": {
                            "require": true
                        }
                    }
                },
                "tip": "底部导航，最多可以自定义四个链接"
            },
            "navFourTitle": {
                "title": "底部导航4-标题",
                "value": "",
                "type": "text",
                "tip": "不填写则隐藏"
            },
            "navFourItem": {
                "title": "底部导航4-列表",
                "value": [],
                "type": "array",
                "item": {
                    "name": {
                        "title": "名称",
                        "value": "",
                        "type": "text",
                        "tip": "链接名称",
                        "rule": {
                            "require": true
                        }
                    },
                    "link": {
                        "title": "链接",
                        "value": "",
                        "type": "text",
                        "tip": "跳转链接",
                        "rule": {
                            "require": true
                        }
                    }
                },
                "tip": "底部导航，最多可以自定义四个链接"
            },
            "copyright": {
                "title": "版权",
                "value": "TONPAL.COM Copyright ©",
                "type": "text",
                "tip": "版权自定义"
            },
            "twitterLink": {
                "title": "twitter 链接",
                "value": "",
                "type": "text",
                "tip": "未填写则隐藏"
            },
            "linkedinLink": {
                "title": "linkedin 链接",
                "value": "",
                "type": "text",
                "tip": "未填写则隐藏"
            },
            "instagramLink": {
                "title": "instagram 链接",
                "value": "",
                "type": "text",
                "tip": "未填写则隐藏"
            }
        }
    }
}