{
    "name": "header配置文件",
    "action": "public/header",
    "description": "header配置文件",
    "order": 6.0,
    "more": {
        "vars": {
            "tel": {
                "title": "公司电话",
                "value": "400-000-0000",
                "type": "text",
                "tip": "电话",
                "rule": {
                    "require": true
                },
                "message":{
                    "require":"不能为空"
                }
            },
            "facebookLink": {
                "title": "facebook 链接",
                "value": "",
                "type": "text",
                "tip": "未填写则隐藏"
            },
            "twitterLink": {
                "title": "twitter 链接",
                "value": "",
                "type": "text",
                "tip": "未填写则隐藏"
            },
            "linkedinLink": {
                "title": "linkedin 链接",
                "value": "",
                "type": "text",
                "tip": "未填写则隐藏"
            },
            "instagramLink": {
                "title": "instagram 链接",
                "value": "",
                "type": "text",
                "tip": "未填写则隐藏"
            },
            "modular": {
                "title": "header自定义链接",
                "value": [],
                "type": "array",
                "item": {
                    "title": {
                        "title": "标题",
                        "value": "",
                        "type": "text",
                        "tip": "类型"
                    },
                    "link": {
                        "title": "链接",
                        "value": "",
                        "type": "text",
                        "tip": "链接"
                    }
                },
                "tip": "header自定义链接"
            }
        }
    }
}