{
    "name": "链轮系统",
    "action": "public/links",
    "description": "链轮系统",
    "order": 6.0,
    "more": {
        "vars": {
            "links": {
                "title": "logo",
                "value": [],
                "type": "array",
                "item": {
                    "name": {
                        "title": "名称",
                        "value": "",
                        "type": "text",
                        "tip": "锚文本"
                    },
                    "link": {
                        "title": "固定链接",
                        "value": "",
                        "type": "text",
                        "tip": "固定链接"
                    }
                },
                "tip": " 默认不显示， 但点击图标时，则会展示其所有的信息"
            }
        }
    }
}