{
    "name": "公共导航配置",
    "action": "public/nav",
    "description": "公共导航配置",
    "order": 6.0,
    "more": {
        "vars": {
            "logo": {
                "title": "logo",
                "value": "",
                "type": "image",
                "tip": "请选择logo",
                "rule": {
                    "require": true
                }
            },
            "title": {
                "title": "公司名称",
                "value": "外贸通宝",
                "type": "text",
                "tip": "请填写公司名称",
                "rule": {
                    "require": true
                }
            },
            "key_word": {
                "title": "SEO优化关键词",
                "value": "特殊需求关键词",
                "type": "text",
                "tip": "需要优化特定的关键词"
            }
        }
    }
}