{
    "name": "footer配置文件",
    "action": "public/footer",
    "description": "footer配置文件",
    "order": 6.0,
    "more": {
        "vars": {
            "aboutTitle": {
                "title": "aboutTitle",
                "value": "ABOUT US",
                "type": "text",
                "tip": "eg:ABOUT US"
            },
            "aboutAbstract": {
                "title": "aboutAbstract",
                "value": "Lorem ipsum dolor sit amet conse ctetur adipisicing elit, sed do eiusmod tempor incididunt ut labore et dolore magna Lorem ipsum dolor sit amet conse ctetur adipisicing elit, sed do eiusmod tempor incididunt ut labore et dolore magna ",
                "type": "textarea",
                "tip": "aboutAbstract"
            },
            "contactTitle": {
                "title": "",
                "value": "CONTACT US",
                "type": "text",
                "tip": "eg:CONTACT US"
            },
            "newsTitle": {
                "title": "",
                "value": "RECENT US",
                "type": "text",
                "tip": "eg:RECENT NEWS"
            },
            "newsItem": {
                "title": "底部新闻列表",
                "value": [],
                "type": "array",
                "item": {
                    "title": {
                        "title": "",
                        "value": "",
                        "type": "text",
                        "tip": "锚文本"
                    },
                    "link": {
                        "title": "",
                        "value": "",
                        "type": "text",
                        "tip": ""
                    }
                },
                "maxNumber": 3
            },
            "productTitle": {
                "title": "底部标题四",
                "value": "NEW PRODUCTS",
                "type": "text",
                "tip": "eg:NEW PRODUCTS"
            },
            "productItem": {
                "title": "底部产品列表",
                "value": [{
                    "title1":"Plastic Commercial TWO FISTED BEERMUG Prevents Spilling and Lots of Fun",
                    "title2":"Commercial home gym SOLO STRENGTH Total Body Workout System Doorway and Wall mounted ",
                    "title3":"Versatile and Portable All in one Device THE RACK Patented Design Manufacture in Large Quantity"
                }],
                "type": "array",
                "item": {
                    "title1": {
                        "title": "标题1",
                        "value": "",
                        "type": "text",
                        "tip": "锚文本"
                    },
                    "title2": {
                        "title": "标题1",
                        "value": "",
                        "type": "text",
                        "tip": "锚文本"
                    },
                    "title3": {
                        "title": "标题1",
                        "value": "",
                        "type": "text",
                        "tip": "锚文本"
                    },
                    "link": {
                        "title": "链接",
                        "value": "",
                        "type": "text",
                        "tip": "请填写全链接 https/http://..."
                    },
                    "image": {
                        "title": "图片",
                        "value": "",
                        "type": "image",
                        "tip": "建议1:1"
                    }
                },
                "maxNumber": 2
            },
            "copyright": {
                "title": "版权",
                "value": "Copyright @ 2015 SEEWAY INDUSTRIAL LIMITED CO.,LTD All rights reserved.",
                "type": "text",
                "tip": "版权自定义"
            },
            "mobileLink": {
                "title": "移动端时，底部右边的跳转链接",
                "value": "",
                "type": "text",
                "tip": "请填写全链接 https/http://..."
            }
        },
        "widgets": {
            "phone": {
                "title": "手机",
                "display": "1",
                "vars": {
                    "items": {
                        "title": "手机信息",
                        "value": [{
                            "name":"Fax:",
                            "value":"&nbsp;0592-5631062"
                        }],
                        "type": "array",
                        "item": {
                            "name": {
                                "title": "名称",
                                "value": "Phone",
                                "type": "text",
                                "tip": "phone",
                                "rule": {
                                    "require": true
                                }
                            },
                            "value": {
                                "title": "值",
                                "value": "",
                                "type": "text",
                                "tip": "值"
                            }
                        },
                        "tip": "公共底部和contacts页面需要",
                        "maxNumber": 1,
                        "rule": {
                            "require": true
                        }
                    }
                }
            },
            "mobile": {
                "title": "电话",
                "display": "1",
                "vars": {
                    "items": {
                        "title": "电话信息",
                        "value": [{
                            "name": "Number:",
                            "value": "&nbsp;Tel:0086-0592-5631692 / 0086-18965157674"
                        }],
                        "type": "array",
                        "item": {
                            "name": {
                                "title": "名称",
                                "value": "Tel",
                                "type": "text",
                                "tip": "Tel",
                                "rule": {
                                    "require": true
                                }
                            },
                            "value": {
                                "title": "值",
                                "value": "",
                                "type": "text",
                                "tip": "值"
                            }
                        },
                        "tip": "公共底部和contacts页面需要",
                        "maxNumber": 1,
                        "rule": {
                            "require": true
                        }
                    }
                }
            },
            "email": {
                "title": "",
                "display": "1",
                "vars": {
                    "items": {
                        "title": "",
                        "value": [{
                            "name": "Email:",
                            "value": "&nbsp;sales1@seewayinc.com"
                        }],
                        "type": "array",
                        "item": {
                            "name": {
                                "title": "",
                                "value": "Email",
                                "type": "text",
                                "tip": "Email",
                                "rule": {
                                    "require": true
                                }
                            },
                            "value": {
                                "title": "值",
                                "value": "",
                                "type": "text",
                                "tip": "值"
                            }
                        },
                        "tip": "",
                        "maxNumber": 1,
                        "rule": {
                            "require": true
                        }
                    }
                }
            },
            "address": {
                "title": "",
                "display": "1",
                "vars": {
                    "items": {
                        "title": "地址信息",
                        "value": [{
                            "name": "Address:",
                            "value": "&nbsp;Unit 201,No.84 KangTaiLi, Huli, Xiamen,Fujian,China, 361006"
                        }],
                        "type": "array",
                        "item": {
                            "name": {
                                "title": "名称",
                                "value": "Address",
                                "type": "text",
                                "tip": "address",
                                "rule": {
                                    "require": true
                                }
                            },
                            "value": {
                                "title": "值",
                                "value": "",
                                "type": "text",
                                "tip": "值"
                            }
                        },
                        "tip": "公共底部和contacts页面需要",
                        "maxNumber": 1,
                        "rule": {
                            "require": true
                        }
                    }
                }
            },
            "company": {
                "title": "",
                "display": "1",
                "vars": {
                    "items": {
                        "title": "地址信息",
                        "value": [{
                            "name": "Company name:",
                            "value": "&nbsp;SEEWAY INDUSTRIAL LIMITED CO.,LTD"
                        }],
                        "type": "array",
                        "item": {
                            "name": {
                                "title": "名称",
                                "value": "Company name:",
                                "type": "text",
                                "tip": "name",
                                "rule": {
                                    "require": true
                                }
                            },
                            "value": {
                                "title": "值",
                                "value": "",
                                "type": "text",
                                "tip": "值"
                            }
                        },
                        "tip": "公共底部和contacts页面需要",
                        "maxNumber": 1,
                        "rule": {
                            "require": true
                        }
                    }
                }
            }
        }
    }
}