{
    "name": "首页配置文件",
    "action": "portal/home",
    "description": "首页模板文件",
    "order": 6.0,
    "more": {
        "vars": {
            "seoTitle": {
                "title": "seo title",
                "value": "",
                "type": "text",
                "tip": "title",
                "rule": {
                    "require": true
                }
            },
            "seoDescription": {
                "title": "seo Description",
                "value": "",
                "type": "text",
                "tip": "Description",
                "rule": {
                    "require": true
                }
            },
            "seoKeywords": {
                "title": "seo Keywords",
                "value": "",
                "type": "text",
                "tip": "Keywords",
                "rule": {
                    "require": true
                }
            }
        },
        "widgets": {
            "carousel": {
                "title": "轮播图组件",
                "display": "1",
                "vars": {
                    "items": {
                        "title": "轮播图组件",
                        "value": [],
                        "type": "array",
                        "item": {
                            "title": {
                                "title": "标题",
                                "value": "",
                                "type": "text",
                                "tip": "图片alt",
                                "rule": {
                                    "require": true
                                }
                            },
                            "image": {
                                "title": "轮播图片",
                                "value": "",
                                "type": "image",
                                "tip": "轮播图片"
                            },
                            "link": {
                                "title": "跳转链接",
                                "value": "",
                                "type": "text",
                                "tip": "请填写对应链接"
                            }
                        },
                        "tip": "这是轮播图组件",
                        "maxNumber": 5,
                        "rule": {
                            "require": true
                        }
                    }
                }
            },
            "companySynopses": {
                "title": "新闻",
                "display": "1",
                "vars": {
                    "bg": {
                        "title": "背景图",
                        "value": "",
                        "type": "image",
                        "tip": "建议尺寸：810*540"
                    },
                    "title": {
                        "title": "新闻标题",
                        "value": "RECENT NEWS",
                        "type": "text",
                        "tip": "eg: RECENT NEWS"
                    },
                    "items": {
                        "title": "新闻列表",
                        "value": [],
                        "type": "array",
                        "item": {
                            "image": {
                                "title": "新闻图片",
                                "value": "",
                                "type": "image",
                                "tip": "请输入新闻图片",
                                "rule": {
                                    "require": true
                                }
                            },
                            "title": {
                                "title": "新闻标题",
                                "value": "",
                                "type": "text",
                                "tip": "请输入新闻标题",
                                "rule": {
                                    "require": true
                                }
                            },
                            "desc": {
                                "title": "新闻描述",
                                "value": "",
                                "type": "textarea",
                                "tip": "请输入新闻描述",
                                "rule": {
                                    "require": true
                                }
                            },
                            "link": {
                                "title": "新闻链接",
                                "value": "",
                                "type": "text",
                                "tip": "请填入新闻跳转链接",
                                "rule": {
                                    "require": true
                                }
                            },
                            "btn": {
                                "title": "按钮",
                                "value": "Read More",
                                "type": "text",
                                "tip": "按钮",
                                "rule": {
                                    "require": true
                                }
                            }
                        },
                        "tip": "这里需要三组数据",
                        "maxNumber": 3,
                        "rule": {
                            "require": true
                        }
                    }
                }
            },
            "aboutUs": {
                "title": "关于我们",
                "display": "1",
                "vars": {
                    "title": {
                        "title": "关于我们标题",
                        "value": "TEST HAIRCARE ...",
                        "type": "text",
                        "tip": "请填写首页关于我们的标题",
                        "rule": {
                            "require": true
                        }
                    },
                    "desc": {
                        "title": "关于我们描述",
                        "value": "about desc HAIRCARE",
                        "type": "textarea",
                        "tip": "请填写首页关于我们的描述",
                        "rule": {
                            "require": true
                        }
                    },
                    "image": {
                        "title": "右侧图片",
                        "value": "",
                        "type": "image",
                        "tip": "建议555*311",
                        "rule": {
                            "require": true
                        }
                    },
                    "icon": {
                        "title": "icon图标",
                        "value": "",
                        "type": "image",
                        "tip": "不传有默认图标"
                    },
                    "link": {
                        "title": "关于我们详情链接",
                        "value": "",
                        "type": "text",
                        "tip": "默认跳转到about us"
                    },
                    "btn": {
                        "title": "按钮",
                        "value": "Read More",
                        "type": "text",
                        "tip": "按钮",
                        "rule": {
                            "require": true
                        }
                    }
                }
            },
            "featuredProducts": {
                "title": "特色产品",
                "display": "1",
                "vars": {
                    "title": {
                        "title": "特色标题",
                        "value": "Hot Product",
                        "type": "text",
                        "tip": "Hot Product",
                        "rule": {
                            "require": true
                        }
                    },
                    "items": {
                        "title": "特色产品",
                        "value": [],
                        "type": "array",
                        "item": {
                            "image": {
                                "title": "案例图片",
                                "value": "",
                                "type": "image",
                                "tip": "请上传案例图片(推荐尺寸：281x281)",
                                "rule": {
                                    "require": true
                                }
                            },
                            "title": {
                                "title": "产品标题",
                                "value": "",
                                "type": "text",
                                "tip": "",
                                "rule": {
                                    "require": true
                                }
                            },
                            "link": {
                                "title": "产品详情链接",
                                "value": "",
                                "type": "text",
                                "tip": "请输入产品详情链接"
                            }
                        },
                        "tip": "最少四组数据",
                        "maxNumber": 8,
                        "rule": {
                            "require": true
                        }
                    }
                }
            },
            "promoteLayer": {
                "title": "自定义模块",
                "display": "1",
                "vars": {
                    "title": {
                        "title": "标题",
                        "value": "",
                        "type": "text",
                        "tip": "标题  ",
                        "rule": {
                            "require": true
                        }
                    },
                    "image": {
                        "title": "右侧图片",
                        "value": "",
                        "type": "image",
                        "tip": "请上传案例图片(推荐尺寸：300*300)",
                        "rule": {
                            "require": true
                        }
                    },
                    "link": {
                        "title": "自定义跳转链接",
                        "value": "",
                        "type": "text",
                        "tip": "自定义跳转链接"
                    }
                }
            }
        }
    }
}