{
    "name": "首页配置文件",
    "action": "portal/home",
    "description": "首页模板文件",
    "order": 6.0,
    "more": {
        "vars": {
            "seoTitle": {
                "title": "seo title",
                "value": "",
                "type": "text",
                "tip": "title",
                "rule": {
                    "require": true
                }
            },
            "seoDescription": {
                "title": "seo Description",
                "value": "",
                "type": "text",
                "tip": "Description",
                "rule": {
                    "require": true
                }
            },
            "seoKeywords": {
                "title": "seo Keywords",
                "value": "",
                "type": "text",
                "tip": "Keywords",
                "rule": {
                    "require": true
                }
            }
        },
        "widgets": {
            "carousel": {
                "title": "轮播图组件",
                "display": "1",
                "vars": {
                    "items": {
                        "title": "轮播图组件",
                        "value": [],
                        "type": "array",
                        "item": {
                            "title": {
                                "title": "标题",
                                "value": "",
                                "type": "text",
                                "tip": "图片alt",
                                "rule": {
                                    "require": true
                                }
                            },
                            "image": {
                                "title": "轮播图片",
                                "value": "",
                                "type": "image",
                                "tip": "轮播图片"
                            }
                        },
                        "tip": "这是轮播图组件",
                        "maxNumber": 5,
                        "rule": {
                            "require": true
                        }
                    }
                }
            },
            "modularOne": {
                "title": "自定义模块一",
                "display": "1",
                "vars": {
                    "title": {
                        "title": "标题",
                        "value": "WELCOME TO OUR WEBSITE!",
                        "type": "text",
                        "tip": "eg:WELCOME TO OUR WEBSITE!",
                        "rule": {
                            "require": true
                        }
                    },
                    "desc": {
                        "title": "描述",
                        "value": "",
                        "type": "textarea",
                        "tip": "自定义描述"
                    },
                    "items": {
                        "title": "链接",
                        "value": [],
                        "type": "array",
                        "item": {
                            "title": {
                                "title": "标题",
                                "value": "",
                                "type": "text",
                                "tip": "请输入标题",
                                "rule": {
                                    "require": true
                                }
                            },
                            "image": {
                                "title": "图片",
                                "value": "",
                                "type": "image",
                                "tip": "建议尺寸1:1",
                                "rule": {
                                    "require": true
                                }
                            },
                            "link": {
                                "title": "链接",
                                "value": "",
                                "type": "text",
                                "tip": "请填入相应链接"
                            }
                        },
                        "tip": "建议填满四组数据",
                        "maxNumber": 4,
                        "rule": {
                            "require": true
                        }
                    }
                }
            },
            "special": {
                "title": "公司特色",
                "display": "1",
                "vars": {
                    "title": {
                        "title": "标题",
                        "value": "WHY CHOOSE US",
                        "type": "text",
                        "tip": "eg:WHY CHOOSE US",
                        "rule": {
                            "require": true
                        }
                    },
                    "items": {
                        "title": "公司特色-列表",
                        "value": [],
                        "type": "array",
                        "item": {
                            "title": {
                                "title": "标题",
                                "value": "",
                                "type": "text",
                                "tip": "请填写标题",
                                "rule": {
                                    "require": true
                                }
                            },
                            "icon": {
                                "title": "图标",
                                "value": "",
                                "type": "icon",
                                "tip": "建议30x30 格式为png",
                                "rule": {
                                    "require": true
                                }
                            },
                            "desc": {
                                "title": "描述",
                                "value": "",
                                "type": "textarea",
                                "tip": "请输入描述",
                                "rule": {
                                    "require": true
                                }
                            },
                            "link": {
                                "title": "链接",
                                "value": "",
                                "type": "text",
                                "tip": "链接"
                            }
                        },
                        "tip": "建议填满四组数据",
                        "maxNumber": 4,
                        "rule": {
                            "require": true
                        }
                    }
                }
            },
            "about": {
                "title": "关于我们",
                "display": "1",
                "vars": {
                    "title": {
                        "title": "标题",
                        "value": "ABOUT US",
                        "type": "text",
                        "tip": "eg:ABOUT US",
                        "rule": {
                            "require": true
                        }
                    },
                    "desc": {
                        "title": "描述",
                        "value": "",
                        "type": "textarea",
                        "tip": "文字描述",
                        "rule": {
                            "require": true
                        }
                    },
                    "image": {
                        "title": "图片展示",
                        "value": "",
                        "type": "image",
                        "tip": "右侧展示图片 建议2:1左右的图片",
                        "rule": {
                            "require": true
                        }
                    },
                    "link": {
                        "title": "链接",
                        "value": "",
                        "type": "text",
                        "tip": "请填入相应链接"
                    },
                    "btn": {
                        "title": "按钮内容",
                        "value": "Read More",
                        "type": "text",
                        "tip": "建议十个字符左右",
                        "rule": {
                            "require": true
                        }
                    }
                }
            },
            "hotProduct": {
                "title": "热门产品",
                "display": "1",
                "vars": {
                    "title": {
                        "title": "标题",
                        "value": "",
                        "type": "text",
                        "tip": "请输入标题",
                        "rule": {
                            "require": true
                        }
                    },
                    "items": {
                        "title": "热门产品列表",
                        "value": [],
                        "type": "array",
                        "item": {
                            "title": {
                                "title": "标题",
                                "value": "",
                                "type": "text",
                                "tip": "请填写标题",
                                "rule": {
                                    "require": true
                                }
                            },
                            "image": {
                                "title": "图片",
                                "value": "",
                                "type": "image",
                                "tip": "建议1:1的图片",
                                "rule": {
                                    "require": true
                                }
                            },
                            "link": {
                                "title": "链接",
                                "value": "",
                                "type": "text",
                                "tip": "请填入相应链接",
                                "rule": {
                                    "require": true
                                }
                            }
                        },
                        "tip": "建议最少四组数据",
                        "maxNumber": 8,
                        "rule": {
                            "require": true
                        }
                    }
                }
            },
            "modularTwo": {
                "title": "自定义模块二",
                "display": "1",
                "vars": {
                    "title": {
                        "title": "标题",
                        "value": "",
                        "type": "text",
                        "tip": "请输入标题",
                        "rule": {
                            "require": true
                        }
                    },
                    "desc": {
                        "title": "描述",
                        "value": "",
                        "type": "textarea",
                        "tip": "自定义描述",
                        "rule": {
                            "require": true
                        }
                    },
                    "link": {
                        "title": "链接",
                        "value": "",
                        "type": "text",
                        "tip": "请填入相应链接",
                        "rule": {
                            "require": true
                        }
                    },
                    "btn": {
                        "title": "按钮内容",
                        "value": "CONTACT US",
                        "type": "text",
                        "tip": "建议十个字符以内",
                        "rule": {
                            "require": true
                        }
                    }
                }
            },
            "news": {
                "title": "news",
                "display": "1",
                "vars": {
                    "title": {
                        "title": "标题",
                        "value": "RECENT NEWS",
                        "type": "text",
                        "tip": "eg:RECENT NEWS",
                        "rule": {
                            "require": true
                        }
                    },
                    "items": {
                        "title": "news-列表",
                        "value": [],
                        "type": "array",
                        "item": {
                            "title": {
                                "title": "标题",
                                "value": "",
                                "type": "text",
                                "tip": "请输入标题",
                                "rule": {
                                    "require": true
                                }
                            },
                            "desc": {
                                "title": "描述",
                                "value": "",
                                "type": "textarea",
                                "tip": "描述",
                                "rule": {
                                    "require": true
                                }
                            },
                            "image": {
                                "title": "图片",
                                "value": "",
                                "type": "image",
                                "tip": "图片",
                                "rule": {
                                    "require": true
                                }
                            },
                            "link": {
                                "title": "链接",
                                "value": "",
                                "type": "text",
                                "tip": "请填入相应链接",
                                "rule": {
                                    "require": true
                                }
                            }
                        },
                        "tip": "这里需要三组数据",
                        "maxNumber": 3,
                        "rule": {
                            "require": true
                        }
                    }
                }
            }
        }
    }
}