{
    "name": "products配置文件",
    "action": "portal/products",
    "description": "products配置文件",
    "order": 6.0,
    "more": {
        "vars": {
            "seoTitle": {
                "title": "seo title",
                "value": "",
                "type": "text",
                "tip": "title",
                "rule": {
                    "require": true
                }
            },
            "seoDescription": {
                "title": "seo Description",
                "value": "",
                "type": "text",
                "tip": "Description",
                "rule": {
                    "require": true
                }
            },
            "seoKeywords": {
                "title": "seo Keywords",
                "value": "",
                "type": "text",
                "tip": "Keywords",
                "rule": {
                    "require": true
                }
            },
            "bg": {
                "title": "背景图",
                "type": "image",
                "value": "",
                "tip": "未填则隐藏"
            },
            "headerDesc": {
                "title": "头部描述",
                "type": "textarea",
                "value": "",
                "tip": "未填则隐藏"
            },
            "footerDesc": {
                "title": "底部描述",
                "type": "textarea",
                "value": "",
                "tip": "未填则隐藏"
            },
            "nullTip": {
                "title": "提示语",
                "type": "text",
                "value": "",
                "tip": "当前分类下没有内容时的提示语"
            }
        }
    }
}