{
    "name": "about配置文件",
    "action": "portal/about",
    "description": "about配置文件",
    "order": 6.0,
    "more": {
        "vars": {
            "seoTitle": {
                "title": "seo title",
                "value": "",
                "type": "text",
                "tip": "title",
                "rule": {
                    "require": true
                }
            },
            "seoDescription": {
                "title": "seo Description",
                "value": "",
                "type": "text",
                "tip": "Description",
                "rule": {
                    "require": true
                }
            },
            "seoKeywords": {
                "title": "seo Keywords",
                "value": "",
                "type": "text",
                "tip": "Keywords",
                "rule": {
                    "require": true
                }
            },
            "title": {
                "title": "标题",
                "value": "About",
                "type": "text",
                "tip": "请填写标题",
                "rule": {
                    "require": true
                }
            },
            "desc": {
                "title": "描述",
                "value": "",
                "type": "text",
                "tip": "请输入描述",
                "rule": {
                    "require": true
                }
            },
            "bg": {
                "title": "背景图",
                "value": "",
                "type": "image",
                "tip": "背景图",
                "rule": {
                    "require": true
                }
            },
            "modularTwo": {
                "title": "自定义模块二",
                "value": "",
                "type": "image",
                "tip": "图片，大图展示",
                "rule": {
                    "require": true
                }
            },
            "modularThree": {
                "title": "自定义模块三",
                "value": [
                    {
                        "value": "88",
                        "type": "TEACHERS"
                    },
                    {
                        "value": "233",
                        "type": "COURSES"
                    },
                    {
                        "value": "777",
                        "type": "STUDENTS"
                    },
                    {
                        "value": "6666",
                        "type": "SATISFIED CLIENT"
                    }
                ],
                "type": "array",
                "item": {
                    "value": {
                        "title": "数值",
                        "value": "",
                        "type": "text",
                        "tip": "数值",
                        "rule": {
                            "require": true
                        }
                    },
                    "type": {
                        "title": "类型",
                        "value": "",
                        "type": "text",
                        "tip": "类型",
                        "rule": {
                            "require": true
                        }
                    }
                },
                "tip": "数据展示，最多四组数据，不填写，不展示"
            },
            "modularFour" : {
                "title": "自定义模块四",
                "value": [
                    {
                        "title": "",
                        "desc1": "",
                        "desc2": "",
                        "video": "",
                        "bg": ""
                    }
                ],
                "type": "array",
                "item": {
                    "title": {
                        "title": "标题",
                        "value": "",
                        "type": "text",
                        "tip": "请输入标题",
                        "rule": {
                            "require": true
                        }
                    },
                    "desc1": {
                        "title": "第一段描述",
                        "value": "",
                        "type": "text",
                        "tip": "自定义描述",
                        "rule": {
                            "require": true
                        }
                    },
                    "desc2": {
                        "title": "第二段描述",
                        "value": "",
                        "type": "text",
                        "tip": "自定义描述"
                    },
                    "video": {
                        "title": "链接",
                        "value": "",
                        "type": "text",
                        "tip": "视频链接",
                        "rule": {
                            "require": true
                        }
                    },
                    "bg": {
                        "title": "背景图片",
                        "value": "",
                        "type": "image",
                        "tip": "背景图片",
                        "rule": {
                            "require": true
                        }
                    }
                },
                "tip": "这里只能展示一组数据，多余不展示",
                "rule": {
                    "require": true
                }
            },
            "modularFiveTitle": {
                "title": "自定义模块五-标题",
                "value": "",
                "type": "text",
                "tip": "标题",
                "rule": {
                    "require": true
                }
            },
            "modularFiveItem": {
                "title": "自定义模块五-列表",
                "value": [
                    {
                        "name": "",
                        "position": "",
                        "image": "",
                        "facebook": "",
                        "twitter": "",
                        "google": "",
                        "linkedin": ""
                    },
                    {
                        "name": "",
                        "position": "",
                        "image": "",
                        "facebook": "",
                        "twitter": "",
                        "google": "",
                        "linkedin": ""
                    },
                    {
                        "name": "",
                        "position": "",
                        "image": "",
                        "facebook": "",
                        "twitter": "",
                        "google": "",
                        "linkedin": ""
                    }
                ],
                "type": "array",
                "item": {
                    "name": {
                        "title": "名字",
                        "value": "",
                        "type": "text",
                        "tip": "名字",
                        "rule": {
                            "require": true
                        }
                    },
                    "position": {
                        "title": "职位",
                        "value": "",
                        "type": "text",
                        "tip": "职位",
                        "rule": {
                            "require": true
                        }
                    },
                    "image": {
                        "title": "图片",
                        "value": "",
                        "type": "image",
                        "tip": "图片",
                        "rule": {
                            "require": true
                        }
                    },
                    "facebook": {
                        "title": "facebook链接",
                        "value": "",
                        "type": "text",
                        "tip": "这里是一个链接,未填写，隐藏"
                    },
                    "twitter": {
                        "title": "twitter链接",
                        "value": "",
                        "type": "text",
                        "tip": "这里是一个链接,未填写，隐藏"
                    },
                    "google": {
                        "title": "google链接",
                        "value": "",
                        "type": "text",
                        "tip": "这里是一个链接,未填写，隐藏"
                    },
                    "linkedin": {
                        "title": "linkedin链接",
                        "value": "",
                        "type": "text",
                        "tip": "这里是一个链接,未填写，隐藏"
                    }
                },
                "tip": "这里需要三组数据，多余不展示",
                "rule": {
                    "require": true
                }
            }
        }
    }
}