{
    "name": "contacts配置文件",
    "action": "portal/contacts",
    "description": "contacts配置文件",
    "order": 6.0,
    "more": {
        "vars": {
            "seoTitle": {
                "title": "seo title",
                "value": "",
                "type": "text",
                "tip": "title",
                "rule": {
                    "require": true
                }
            },
            "seoDescription": {
                "title": "seo Description",
                "value": "",
                "type": "text",
                "tip": "Description",
                "rule": {
                    "require": true
                }
            },
            "seoKeywords": {
                "title": "seo Keywords",
                "value": "",
                "type": "text",
                "tip": "Keywords",
                "rule": {
                    "require": true
                }
            },
            "title": {
                "title": "标题",
                "value": "contacts",
                "type": "text",
                "tip": "请填写标题",
                "rule": {
                    "require": true
                }
            },
            "desc": {
                "title": "描述",
                "value": "Do you have other questions? Don't worry, there aren't any dumb questions.",
                "type": "text",
                "tip": "请输入描述",
                "rule": {
                    "require": true
                }
            },
            "bg": {
                "title": "背景图",
                "value": "/wp-content/themes/model/assets/images/backgrounds/page-title.jpg",
                "type": "image",
                "tip": "背景图",
                "rule": {
                    "require": true
                }
            },
            "modularTwo": {
                "title": "自定义模块二",
                "value": "Contact Us",
                "type": "text",
                "tip": "标题",
                "rule": {
                    "require": true
                }
            },
            "contentDesc": {
                "title": "描述",
                "value": "Lorem ipsum dolor sit amet, consectetur adipisicing elit. Velit recusandae voluptates doloremque veniam temporibus porro culpa ipsa, nisi soluta minima saepe laboriosam debitis nesciunt. Dolore, labore. Accusamus nulla sed cum aliquid exercitationem debitis error harum porro maxime quo iusto aliquam dicta modi earum fugiat, vel possimus commodi, deleniti et veniam, fuga ipsum praesentium. Odit unde optio nulla ipsum quae obcaecati! Quod esse natus quibusdam asperiores quam vel, tempore itaque architecto ducimus expedita",
                "type": "text",
                "tip": "描述",
                "rule": {
                    "require": true
                }
            },
            "tel": {
                "title": "电话",
                "value": "400-0000-0000",
                "type": "text",
                "tip": "电话",
                "rule": {
                    "require": true
                }
            },
            "email": {
                "title": "邮箱",
                "value": "info@ayongtech.com",
                "type": "text",
                "tip": "邮箱",
                "rule": {
                    "require": true
                }
            },
            "address": {
                "title": "地址",
                "value": "gaojing,baoshan,shanghai,China",
                "type": "text",
                "tip": "地址",
                "rule": {
                    "require": true
                }
            },
            "latitude": {
                "title": "纬度",
                "value": "13523511",
                "type": "text",
                "tip": "纬度",
                "rule": {
                    "require": true
                }
            },
            "longitude": {
                "title": "经度",
                "value": "3653151",
                "type": "text",
                "tip": "经度",
                "rule": {
                    "require": true
                }
            }
        }
    }
}