{
    "name": "product-detail配置文件",
    "action": "portal/product-detail",
    "description": "product-detail配置文件",
    "order": 6.0,
    "more": {
        "vars": {
            "title": {
                "title": "标题",
                "type": "text",
                "value": "productDetail",
                "tip": "标题",
                "rule": {
                    "require": true
                }
            },
            "bg": {
                "title": "背景图",
                "type": "image",
                "value": "",
                "tip": "背景图",
                "rule": {
                    "require": true
                }
            },
            "desc": {
                "title": "描述",
                "type": "text",
                "value": "desc",
                "tip": "描述",
                "rule": {
                    "require": true
                }
            }
        }
    }
}