{
    "name": "首页配置文件",
    "action": "portal/home",
    "description": "首页模板文件",
    "order": 6.0,
    "more": {
        "vars": {
            "seoTitle": {
                "title": "seo title",
                "value": "",
                "type": "text",
                "tip": "title",
                "rule": {
                    "require": true
                }
            },
            "seoDescription": {
                "title": "seo Description",
                "value": "",
                "type": "text",
                "tip": "Description",
                "rule": {
                    "require": true
                }
            },
            "seoKeywords": {
                "title": "seo Keywords",
                "value": "",
                "type": "text",
                "tip": "Keywords",
                "rule": {
                    "require": true
                }
            },
            "specialImag": {
                "title": "自定义模块一图片",
                "value": "",
                "type": "image",
                "tip": "图片",
                "rule": {
                    "require": true
                }
            },
            "special": {
                "title": "自定义模块一",
                "value": [
                    {
                        "title": "",
                        "icon": "",
                        "desc": "",
                        "link": ""
                    },
                    {
                        "title": "",
                        "icon": "",
                        "desc": "",
                        "link": ""
                    },
                    {
                        "title": "",
                        "icon": "",
                        "desc": "",
                        "link": ""
                    },
                    {
                        "title": "",
                        "icon": "",
                        "desc": "",
                        "link": ""
                    }
                ],
                "type": "array",
                "item": {
                    "title": {
                        "title": "标题",
                        "value": "",
                        "type": "text",
                        "tip": "请填写标题",
                        "rule": {
                            "require": true
                        }
                    },
                    "icon": {
                        "title": "图标",
                        "value": "",
                        "type": "image",
                        "tip": "50x50 格式为png",
                        "rule": {
                            "require": true
                        }
                    },
                    "desc": {
                        "title": "描述",
                        "value": "",
                        "type": "text",
                        "tip": "请输入描述",
                        "rule": {
                            "require": true
                        }
                    },
                    "link": {
                        "title": "跳转链接",
                        "value": "",
                        "type": "text",
                        "tip": "这是一个链接"
                    }
                },
                "tip": "此模块最多展示四组数据，多余不显示",
                "rule": {
                    "require": true
                }
            },
            "about" : {
                "title": "自定义模块二",
                "value": [
                    {
                        "title": "",
                        "desc1": "",
                        "desc2": "",
                        "image": ""
                    }
                ],
                "type": "array",
                "item": {
                    "title": {
                        "title": "标题",
                        "value": "",
                        "type": "text",
                        "tip": "请输入标题"
                    },
                    "desc1": {
                        "title": "描述段落一",
                        "value": "",
                        "type": "text",
                        "tip": "控制desc字数，以便美观",
                        "rule": {
                            "require": true
                        }
                    },
                    "desc2": {
                        "title": "描述段落二",
                        "value": "",
                        "type": "text",
                        "tip": "控制desc字数，以便美观"
                    },
                    "image": {
                        "title": "图片展示",
                        "value": "",
                        "type": "image",
                        "tip": "右侧展示图片"
                    },
                    "link": {
                        "title": "链接",
                        "value": "",
                        "type": "",
                        "tip": "有自定义跳转链接需求填写"
                    }
                },
                "tip": "这里只能展示一组数据，多余不展示",
                "rule": {
                    "require": true
                }
            },
            "hotProductTitle" : {
                "title": "自定义模块三-标题",
                "value": [
                    {
                        "title": "",
                        "link": "",
                        "btn": ""
                    }
                ],
                "type": "array",
                "item": {
                    "title": {
                        "title": "标题",
                        "value": "",
                        "type": "text",
                        "tip": "请输入标题",
                        "rule": {
                            "require": true
                        }
                    },
                    "link": {
                        "title": "链接",
                        "value": "",
                        "type": "text",
                        "tip": "这里是一个链接",
                        "rule": {
                            "require": true
                        }
                    },
                    "btn": {
                        "title": "按钮内容",
                        "value": "",
                        "type": "text",
                        "tip": "控制字数，以便美观，默认 see all",
                        "rule": {
                            "require": true
                        }
                    }
                },
                "tip": "这里只能展示一组数据，多余不展示",
                "rule": {
                    "require": true
                }
            },
            "hotProductItem" : {
                "title": "自定义模块三-列表",
                "value": [
                    {
                        "title": "",
                        "desc": "",
                        "image": "",
                        "link": "",
                        "btn": ""
                    },
                    {
                        "title": "",
                        "desc": "",
                        "image": "",
                        "link": "",
                        "btn": ""
                    },
                    {
                        "title": "",
                        "desc": "",
                        "image": "",
                        "link": "",
                        "btn": ""
                    },
                    {
                        "title": "",
                        "desc": "",
                        "image": "",
                        "link": "",
                        "btn": ""
                    },
                    {
                        "title": "",
                        "desc": "",
                        "image": "",
                        "link": "",
                        "btn": ""
                    },
                    {
                        "title": "",
                        "desc": "",
                        "image": "",
                        "link": "",
                        "btn": ""
                    }
                ],
                "type": "array",
                "item": {
                    "title": {
                        "title": "标题",
                        "value": "",
                        "type": "text",
                        "tip": "请输入标题",
                        "rule": {
                            "require": true
                        }
                    },
                    "desc": {
                        "title": "描述",
                        "value": "",
                        "type": "text",
                        "tip": "描述",
                        "rule": {
                            "require": true
                        }
                    },
                    "image": {
                        "title": "图片",
                        "value": "",
                        "type": "image",
                        "tip": "图片",
                        "rule": {
                            "require": true
                        }
                    },
                    "link": {
                        "title": "链接",
                        "value": "",
                        "type": "text",
                        "tip": "这里是一个链接",
                        "rule": {
                            "require": true
                        }
                    },
                    "btn": {
                        "title": "按钮内容",
                        "value": "Apply now",
                        "type": "text",
                        "tip": "控制字数，以便美观",
                        "rule": {
                            "require": true
                        }
                    }
                },
                "tip": "这里需要六组数据，多余不展示",
                "rule": {
                    "require": true
                }
            },
            "modularFour" : {
                "title": "自定义模块四",
                "value": [
                    {
                        "desc1": "",
                        "desc2": "",
                        "link": "",
                        "btn": ""
                    }
                ],
                "type": "array",
                "item": {
                    "desc1": {
                        "title": "描述",
                        "value": "",
                        "type": "text",
                        "tip": "自定义描述",
                        "rule": {
                            "require": true
                        }
                    },
                    "desc2": {
                        "title": "描述",
                        "value": "",
                        "type": "text",
                        "tip": "自定义描述"
                    },
                    "link": {
                        "title": "链接",
                        "value": "",
                        "type": "text",
                        "tip": "这里是一个链接",
                        "rule": {
                            "require": true
                        }
                    },
                    "btn": {
                        "title": "按钮内容",
                        "value": "Apply now",
                        "type": "text",
                        "tip": "控制字数，以便美观",
                        "rule": {
                            "require": true
                        }
                    }
                },
                "tip": "这里只能展示一组数据，多余不展示",
                "rule": {
                    "require": true
                }
            },
            "modularFive" : {
                "title": "自定义模块五",
                "value": [
                    {
                        "title": "",
                        "desc1": "",
                        "desc2": "",
                        "video": "",
                        "bg": ""
                    }
                ],
                "type": "array",
                "item": {
                    "title": {
                        "title": "标题",
                        "value": "",
                        "type": "text",
                        "tip": "请输入标题",
                        "rule": {
                            "require": true
                        }
                    },
                    "desc1": {
                        "title": "第一段描述",
                        "value": "",
                        "type": "text",
                        "tip": "自定义描述",
                        "rule": {
                            "require": true
                        }
                    },
                    "desc2": {
                        "title": "第二段描述",
                        "value": "",
                        "type": "text",
                        "tip": "自定义描述"
                    },
                    "video": {
                        "title": "链接",
                        "value": "",
                        "type": "text",
                        "tip": "视频链接",
                        "rule": {
                            "require": true
                        }
                    },
                    "bg": {
                        "title": "背景图片",
                        "value": "/wp-content/themes/model/assets/images/backgrounds/success-story.jpg",
                        "type": "image",
                        "tip": "背景图片",
                        "rule": {
                            "require": true
                        }
                    }
                },
                "tip": "这里只能展示一组数据，多余不展示",
                "rule": {
                    "require": true
                }
            },
            "modularSixTitle" : {
                "title": "自定义模块六-标题",
                "value": [
                    {
                        "title": "",
                        "link": "",
                        "btn": ""
                    }
                ],
                "type": "array",
                "item": {
                    "title": {
                        "title": "标题",
                        "value": "",
                        "type": "text",
                        "tip": "请输入标题",
                        "rule": {
                            "require": true
                        }
                    },
                    "link": {
                        "title": "链接",
                        "value": "",
                        "type": "text",
                        "tip": "这里是一个链接",
                        "rule": {
                            "require": true
                        }
                    },
                    "btn": {
                        "title": "按钮内容",
                        "value": "",
                        "type": "text",
                        "tip": "控制字数，以便美观",
                        "rule": {
                            "require": true
                        }
                    }
                },
                "tip": "这里只能展示一组数据，多余不展示",
                "rule": {
                    "require": true
                }
            },
            "modularSixItem" : {
                "title": "自定义模块六-列表",
                "value": [
                    {
                        "title": "",
                        "desc": "",
                        "image": "",
                        "link": "",
                        "customTop": "",
                        "customBtm": ""
                    },
                    {
                        "title": "",
                        "desc": "",
                        "image": "",
                        "link": "",
                        "customTop": "",
                        "customBtm": ""
                    },
                    {
                        "title": "",
                        "desc": "",
                        "image": "",
                        "link": "",
                        "customTop": "",
                        "customBtm": ""
                    }
                ],
                "type": "array",
                "item": {
                    "title": {
                        "title": "标题",
                        "value": "",
                        "type": "text",
                        "tip": "请输入标题",
                        "rule": {
                            "require": true
                        }
                    },
                    "desc": {
                        "title": "描述",
                        "value": "",
                        "type": "text",
                        "tip": "描述",
                        "rule": {
                            "require": true
                        }
                    },
                    "image": {
                        "title": "图片",
                        "value": "",
                        "type": "image",
                        "tip": "图片",
                        "rule": {
                            "require": true
                        }
                    },
                    "link": {
                        "title": "链接",
                        "value": "",
                        "type": "text",
                        "tip": "这里是一个链接",
                        "rule": {
                            "require": true
                        }
                    },
                    "customTop": {
                        "title": "左上角自定义-top",
                        "value": "",
                        "type": "text",
                        "tip": "custom填写才展示"
                    },
                    "customBtm": {
                        "title": "左上角自定义-btm",
                        "value": "",
                        "type": "text",
                        "tip": "custom填写才展示"
                    }
                },
                "tip": "这里需要三组数据，多余不展示",
                "rule": {
                    "require": true
                }
            },
            "modularSevenTitle" : {
                "title": "自定义模块七-标题",
                "value": "",
                "type": "text",
                "tip": "标题",
                "rule": {
                    "require": true
                }
            },
            "modularSevenItem" : {
                "title": "自定义模块七-列表",
                "value": [
                    {
                        "title": "",
                        "desc": "",
                        "image": "",
                        "link": "",
                        "time": "",
                        "author": ""
                    },
                    {
                        "title": "",
                        "desc": "",
                        "image": "",
                        "link": "",
                        "time": "",
                        "author": ""
                    },
                    {
                        "title": "",
                        "desc": "",
                        "image": "",
                        "link": "",
                        "time": "",
                        "author": ""
                    }
                ],
                "type": "array",
                "item": {
                    "title": {
                        "title": "标题",
                        "value": "",
                        "type": "text",
                        "tip": "请输入标题",
                        "rule": {
                            "require": true
                        }
                    },
                    "desc": {
                        "title": "描述",
                        "value": "",
                        "type": "text",
                        "tip": "描述",
                        "rule": {
                            "require": true
                        }
                    },
                    "image": {
                        "title": "图片",
                        "value": "",
                        "type": "image",
                        "tip": "图片",
                        "rule": {
                            "require": true
                        }
                    },
                    "link": {
                        "title": "链接",
                        "value": "",
                        "type": "text",
                        "tip": "这里是一个链接",
                        "rule": {
                            "require": true
                        }
                    },
                    "time": {
                        "title": "时间",
                        "value": "",
                        "type": "date",
                        "tip": "时间",
                        "rule": {
                            "require": true
                        }
                    },
                    "author": {
                        "title": "作者",
                        "value": "",
                        "type": "text",
                        "tip": "作者",
                        "rule": {
                            "require": true
                        }
                    }
                },
                "tip": "这里需要三组数据，多余不展示",
                "rule": {
                    "require": true
                }
            }
        },
        "widgets": {
            "carousel": {
                "title": "轮播图组件",
                "name": "请选择轮播图",
                "display": "1",
                "vars": {
                    "items": {
                        "title": "轮播图组件",
                        "value": [
                            {
                                "title": "Hello my website",
                                "desc": "Build your website quickly",
                                "btn": "have a look",
                                "link": ""
                            },
                            {
                                "title": "Link my website",
                                "desc": "Consistent quality",
                                "btn": "inquiry",
                                "link": ""
                            }
                        ],
                        "type": "array",
                        "item": {
                            "title": {
                                "title": "标题",
                                "value": "",
                                "type": "text",
                                "tip": "这是一个标题",
                                "rule": {
                                    "require": true
                                }
                            },
                            "desc": {
                                "title": "描述",
                                "value": "",
                                "type": "textarea",
                                "tip": "这是一个描述",
                                "rule": {
                                    "require": true
                                }
                            },
                            "btn": {
                                "title": "按钮",
                                "value": "",
                                "type": "text",
                                "tip": "这是一个按钮"
                            },
                            "link": {
                                "title": "跳转链接",
                                "value": "",
                                "type": "text",
                                "tip": "这是一个链接"
                            }
                        },
                        "tip": "这是轮播图组件",
                        "rule": {
                            "require": true
                        }
                    },
                    "bg":{
                        "title": "选择图片背景",
                        "value": "",
                        "type": "image",
                        "tip": "这是一个图片",
                        "rule": {
                            "require": true
                        }
                    }
                }
            }
        }
    }
}