{
    "name": "certificate配置文件",
    "action": "portal/certificate",
    "description": "certificate配置文件",
    "order": 6.0,
    "more": {
        "vars": {
            "seoTitle": {
                "title": "seo title",
                "value": "",
                "type": "text",
                "tip": "title",
                "rule": {
                    "require": true
                }
            },
            "seoDescription": {
                "title": "seo Description",
                "value": "",
                "type": "text",
                "tip": "Description",
                "rule": {
                    "require": true
                }
            },
            "seoKeywords": {
                "title": "seo Keywords",
                "value": "",
                "type": "text",
                "tip": "Keywords",
                "rule": {
                    "require": true
                }
            },
            "title": {
                "title": "标题",
                "type": "text",
                "value": "",
                "tip": "标题",
                "rule": {
                    "require": true
                }
            },
            "item": {
                "title": "certificate列表",
                "type": "array",
                "value": [
                    {
                        "image": "https://q.zvk9.com/25060/2019/09/27/banner.jpg",
                        "title": "ISO",
                        "desc": "ISO"
                    },
                    {
                        "image": "//q.zvk9.com/345/2017/09/08/9001英文版.jpg",
                        "title": "ISO",
                        "desc": "ISO"
                    },
                    {
                        "image": "//q.zvk9.com/345/2017/09/08/优质供应商认证.jpg",
                        "title": "CERTIFIED MANUFACTURER",
                        "desc": "CERTIFIED MANUFACTURER"
                    },
                    {
                        "image": "//q.zvk9.com/345/2017/09/08/8612000298-Production Capacity Inspected.jpg",
                        "title": "CERTIFIED MANUFACTURER",
                        "desc": "CERTIFIED MANUFACTURER"
                    },
                    {
                        "image": "//q.zvk9.com/345/2017/09/08/CE认证.jpg",
                        "title": "CERTIFIED MANUFACTURER",
                        "desc": "CERTIFIED MANUFACTURER"
                    },
                    {
                        "image": "//q.zvk9.com/345/2017/09/08/3rd Party Testing reference2.jpg",
                        "title": "TESTING APPROVAL",
                        "desc": "TESTING APPROVAL"
                    },
                    {
                        "image": "//q.zvk9.com/345/2017/12/20/EBO2.jpg",
                        "title": "REACH",
                        "desc": "REACH"
                    },
                    {
                        "image": "//q.zvk9.com/345/2017/12/20/EBO.jpg",
                        "title": "ROHS",
                        "desc": "ROHS"
                    },
                    {
                        "image": "//q.zvk9.com/345/2017/12/20/14001.jpg",
                        "title": "ISO 14001",
                        "desc": "ISO 14001"
                    },
                    {
                        "image": "//q.zvk9.com/345/2017/12/20/ISO9001 CHI.jpg",
                        "title": "ISO 9001",
                        "desc": "ISO 9001"
                    },
                    {
                        "image": "//q.zvk9.com/345/2020/02/26/14643-1582709312000.jpg",
                        "title": "CERTIFICATE OF CONFORMITY",
                        "desc": "CERTIFICATE OF CONFORMITY"
                    }
                ],
                "item": {
                    "image": {
                        "title": "image图片",
                        "type": "image",
                        "value": "",
                        "tip": "图片",
                        "rule": {
                            "require": true
                        }
                    },
                    "title": {
                        "title": "标题",
                        "type": "text",
                        "value": "",
                        "tip": "标题",
                        "rule": {
                            "require": true
                        }
                    },
                    "desc": {
                        "title": "描述",
                        "type": "textarea",
                        "value": "",
                        "tip": "描述",
                        "rule": {
                            "require": true
                        }
                    }
                }
            }
        }
    }
}